campaignid,category,click,acquisition,view,budgetutilization
85e59ee4-c457-11ee-9cea-0e087721c0e9,Electronics,8,6,32,0.06867
85e59ee4-c457-11ee-9cea-0e087721c0e9,Electronics,8,6,32,0.06867
dabb2b36-c458-11ee-9cea-0e087721c0e9,Home & Kitchen,5,2,15,0.03461
dabb2b36-c458-11ee-9cea-0e087721c0e9,Home & Kitchen,5,2,15,0.03461
ab0dcdd0-c458-11ee-9cea-0e087721c0e9,Sports & Fitness,3,2,20,0.01031
ab0dcdd0-c458-11ee-9cea-0e087721c0e9,Sports & Fitness,3,2,20,0.01031
ec7767fc-c45f-11ee-9cea-0e087721c0e9,Tools & Hardware,3,1,14,0.00713
ec7767fc-c45f-11ee-9cea-0e087721c0e9,Tools & Hardware,3,1,14,0.00713
28186466-c45e-11ee-9cea-0e087721c0e9,Sports & Fitness,3,1,17,0.00563
28186466-c45e-11ee-9cea-0e087721c0e9,Sports & Fitness,3,1,17,0.00563
d2f2d764-c462-11ee-9cea-0e087721c0e9,Sports & Fitness,3,1,20,0.00364
d2f2d764-c462-11ee-9cea-0e087721c0e9,Sports & Fitness,3,1,20,0.00364
08b3b0ba-c460-11ee-9cea-0e087721c0e9,Sports & Fitness,0,0,1,0.0
08b3b0ba-c460-11ee-9cea-0e087721c0e9,Sports & Fitness,0,0,1,0.0
4e73d718-c45d-11ee-9cea-0e087721c0e9,Sports & Fitness,0,0,3,0.0
4e73d718-c45d-11ee-9cea-0e087721c0e9,Sports & Fitness,0,0,3,0.0
c98e8a72-c45f-11ee-9cea-0e087721c0e9,Tools & Hardware,0,0,3,0.0
c98e8a72-c45f-11ee-9cea-0e087721c0e9,Tools & Hardware,0,0,3,0.0
fefa1f88-c45e-11ee-9cea-0e087721c0e9,Clothing & Accessories,0,0,1,0.0
fefa1f88-c45e-11ee-9cea-0e087721c0e9,Clothing & Accessories,0,0,1,0.0
